number,cluster,keyword,suggested_primary_url
1,"Agency selection","best water damage restoration marketing agency","/services/water-damage-marketing/"
2,"Agency selection","water damage restoration marketing agency for small businesses","/services/water-damage-marketing/"
3,"Agency selection","water damage restoration marketing agency for franchises","/services/water-damage-marketing/"
4,"Agency selection","water damage restoration marketing agency for independent contractors","/services/water-damage-marketing/"
5,"Agency selection","how to choose a water damage marketing agency","/services/water-damage-marketing/"
6,"Agency selection","water damage marketing agency pricing and services","/services/water-damage-marketing/"
7,"Agency selection","water damage restoration marketing company near me","/services/water-damage-marketing/"
8,"Agency selection","water restoration marketing company for multi location brands","/services/water-damage-marketing/"
9,"Agency selection","water damage lead generation agency for restoration companies","/services/water-damage-marketing/"
10,"Agency selection","full service marketing for water damage restoration companies","/services/water-damage-marketing/"
11,"Agency selection","water damage restoration digital marketing services","/services/water-damage-marketing/"
12,"Agency selection","water mitigation marketing agency for local companies","/services/water-damage-marketing/"
13,"Agency selection","water extraction company marketing services","/services/water-damage-marketing/"
14,"Agency selection","flood damage restoration marketing agency","/services/water-damage-marketing/"
15,"Agency selection","emergency restoration marketing agency for water damage","/services/water-damage-marketing/"
16,"Agency selection","water damage restoration SEO and PPC agency","/services/water-damage-marketing/"
17,"Agency selection","water damage marketing agency with revenue tracking","/services/water-damage-marketing/"
18,"Agency selection","water damage marketing agency case studies","/services/water-damage-marketing/"
19,"Agency selection","water restoration marketing agency versus lead buying","/services/water-damage-marketing/"
20,"Agency selection","water damage marketing consultant for restoration owners","/services/water-damage-marketing/"
21,"Agency selection","outsourced marketing for water damage restoration businesses","/services/water-damage-marketing/"
22,"Agency selection","water damage marketing partner for growing restoration companies","/services/water-damage-marketing/"
23,"Agency selection","water restoration marketing services for new companies","/services/water-damage-marketing/"
24,"Agency selection","water damage restoration marketing audit service","/services/water-damage-marketing/"
25,"Agency selection","marketing company specializing in water damage restoration","/services/water-damage-marketing/"
26,"SEO and content","water damage restoration SEO strategy for contractors","/blog/water-damage-seo"
27,"SEO and content","SEO services for water damage restoration companies","/blog/water-damage-seo"
28,"SEO and content","how to rank a water damage restoration website","/blog/water-damage-seo"
29,"SEO and content","water damage restoration keyword research for contractors","/blog/water-damage-seo"
30,"SEO and content","water damage restoration service page SEO","/blog/water-damage-seo"
31,"SEO and content","water mitigation SEO for local contractors","/blog/water-damage-seo"
32,"SEO and content","water extraction SEO strategy for restoration companies","/blog/water-damage-seo"
33,"SEO and content","water damage restoration content marketing strategy","/blog/water-damage-seo"
34,"SEO and content","water damage restoration blog topics that attract customers","/blog/water-damage-seo"
35,"SEO and content","water damage restoration website content plan","/blog/water-damage-seo"
36,"SEO and content","how to structure water damage restoration service pages","/blog/water-damage-seo"
37,"SEO and content","water damage restoration SEO versus Google Ads","/blog/water-damage-seo"
38,"SEO and content","water damage restoration SEO cost for small companies","/blog/water-damage-seo"
39,"SEO and content","water damage restoration SEO timeline and expectations","/blog/water-damage-seo"
40,"SEO and content","how to measure water damage restoration SEO results","/blog/water-damage-seo"
41,"SEO and content","water damage restoration technical SEO checklist","/blog/water-damage-seo"
42,"SEO and content","water damage restoration internal linking strategy","/blog/water-damage-seo"
43,"SEO and content","water damage restoration schema markup guide","/blog/water-damage-seo"
44,"SEO and content","water damage restoration SEO for franchise locations","/blog/water-damage-seo"
45,"SEO and content","water damage restoration SEO for multiple service areas","/blog/water-damage-seo"
46,"SEO and content","how to avoid duplicate water damage location pages","/blog/water-damage-seo"
47,"SEO and content","water damage restoration landing page keyword mapping","/blog/water-damage-seo"
48,"SEO and content","water damage restoration SEO case study","/blog/water-damage-seo"
49,"SEO and content","water damage restoration organic lead generation","/blog/water-damage-seo"
50,"SEO and content","water damage restoration SEO agency comparison","/blog/water-damage-seo"
51,"Google Maps and GBP","Google Business Profile optimization for water damage restoration","/services/google-business-profile/"
52,"Google Maps and GBP","how water damage companies rank on Google Maps","/services/google-business-profile/"
53,"Google Maps and GBP","water damage restoration Google Maps marketing strategy","/services/google-business-profile/"
54,"Google Maps and GBP","water mitigation company Google Business Profile services","/services/google-business-profile/"
55,"Google Maps and GBP","Google Business Profile categories for water damage restoration","/services/google-business-profile/"
56,"Google Maps and GBP","water damage restoration service area settings on Google","/services/google-business-profile/"
57,"Google Maps and GBP","water damage restoration Google profile photo strategy","/services/google-business-profile/"
58,"Google Maps and GBP","water damage restoration Google Business Profile posts","/services/google-business-profile/"
59,"Google Maps and GBP","how to get water damage restoration Google reviews","/services/google-business-profile/"
60,"Google Maps and GBP","water damage restoration Google Maps ranking factors","/services/google-business-profile/"
61,"Google Maps and GBP","water damage restoration GBP audit checklist","/services/google-business-profile/"
62,"Google Maps and GBP","water damage restoration local SEO and Google Maps","/services/google-business-profile/"
63,"Google Maps and GBP","water damage restoration business profile suspension recovery","/services/google-business-profile/"
64,"Google Maps and GBP","water damage restoration Google profile verification help","/services/google-business-profile/"
65,"Google Maps and GBP","water damage restoration review request process","/services/google-business-profile/"
66,"Google Maps and GBP","water damage restoration local citation strategy","/services/google-business-profile/"
67,"Google Maps and GBP","water damage restoration map pack lead tracking","/services/google-business-profile/"
68,"Google Maps and GBP","water damage restoration GBP management cost","/services/google-business-profile/"
69,"Google Maps and GBP","water damage restoration multiple locations Google profiles","/services/google-business-profile/"
70,"Google Maps and GBP","water restoration company Google Maps visibility audit","/services/google-business-profile/"
71,"Google Maps and GBP","water damage restoration Google Maps competitor analysis","/services/google-business-profile/"
72,"Google Maps and GBP","water damage restoration local search marketing plan","/services/google-business-profile/"
73,"Google Maps and GBP","water damage restoration local SEO service area pages","/services/google-business-profile/"
74,"Google Maps and GBP","water damage restoration business profile conversion tips","/services/google-business-profile/"
75,"Google Maps and GBP","water damage restoration Google reviews versus paid ads","/services/google-business-profile/"
76,"Google Ads and PPC","Google Ads management for water damage restoration companies","/blog/google-ads-water-damage"
77,"Google Ads and PPC","water damage restoration PPC campaign structure","/blog/google-ads-water-damage"
78,"Google Ads and PPC","water damage restoration Google Ads budget planning","/blog/google-ads-water-damage"
79,"Google Ads and PPC","water damage restoration paid search agency","/blog/google-ads-water-damage"
80,"Google Ads and PPC","water damage restoration Google Ads keyword strategy","/blog/google-ads-water-damage"
81,"Google Ads and PPC","water damage restoration PPC negative keyword ideas","/blog/google-ads-water-damage"
82,"Google Ads and PPC","water damage restoration Google Ads landing pages","/blog/google-ads-water-damage"
83,"Google Ads and PPC","water damage restoration search ads conversion tracking","/blog/google-ads-water-damage"
84,"Google Ads and PPC","water damage restoration cost per booked job Google Ads","/blog/google-ads-water-damage"
85,"Google Ads and PPC","water damage restoration PPC lead quality improvement","/blog/google-ads-water-damage"
86,"Google Ads and PPC","water damage restoration Google Ads call campaign setup","/blog/google-ads-water-damage"
87,"Google Ads and PPC","water damage restoration Google Ads location targeting","/blog/google-ads-water-damage"
88,"Google Ads and PPC","water damage restoration PPC schedule for emergency calls","/blog/google-ads-water-damage"
89,"Google Ads and PPC","water damage restoration Google Ads competitor analysis","/blog/google-ads-water-damage"
90,"Google Ads and PPC","water damage restoration Google Ads versus SEO","/blog/google-ads-water-damage"
91,"Google Ads and PPC","water damage restoration PPC for new businesses","/blog/google-ads-water-damage"
92,"Google Ads and PPC","water mitigation Google Ads management services","/blog/google-ads-water-damage"
93,"Google Ads and PPC","water extraction Google Ads campaign strategy","/blog/google-ads-water-damage"
94,"Google Ads and PPC","flood cleanup Google Ads for restoration companies","/blog/google-ads-water-damage"
95,"Google Ads and PPC","commercial water damage restoration PPC campaigns","/blog/google-ads-water-damage"
96,"Google Ads and PPC","water damage restoration Google Ads for franchises","/blog/google-ads-water-damage"
97,"Google Ads and PPC","water damage restoration ad copy examples for contractors","/blog/google-ads-water-damage"
98,"Google Ads and PPC","water damage restoration PPC audit checklist","/blog/google-ads-water-damage"
99,"Google Ads and PPC","why water damage restoration Google Ads are not converting","/blog/google-ads-water-damage"
100,"Google Ads and PPC","water damage restoration paid search ROI tracking","/blog/google-ads-water-damage"
101,"Local Services Ads","Local Services Ads for water damage restoration companies","/blog/local-service-ads-restoration"
102,"Local Services Ads","water damage restoration Google LSA setup guide","/blog/local-service-ads-restoration"
103,"Local Services Ads","water damage restoration Local Services Ads eligibility","/blog/local-service-ads-restoration"
104,"Local Services Ads","water damage restoration LSA lead dispute process","/blog/local-service-ads-restoration"
105,"Local Services Ads","water damage restoration Local Services Ads budget","/blog/local-service-ads-restoration"
106,"Local Services Ads","water damage restoration LSA versus Google Ads","/blog/local-service-ads-restoration"
107,"Local Services Ads","water damage restoration LSA versus organic SEO","/blog/local-service-ads-restoration"
108,"Local Services Ads","water damage restoration Local Services Ads ranking","/blog/local-service-ads-restoration"
109,"Local Services Ads","water damage restoration LSA profile optimization","/blog/local-service-ads-restoration"
110,"Local Services Ads","water damage restoration LSA call quality tracking","/blog/local-service-ads-restoration"
111,"Local Services Ads","water damage restoration Local Services Ads service areas","/blog/local-service-ads-restoration"
112,"Local Services Ads","water damage restoration LSA for multiple locations","/blog/local-service-ads-restoration"
113,"Local Services Ads","water mitigation company Local Services Ads management","/blog/local-service-ads-restoration"
114,"Local Services Ads","water extraction Local Services Ads lead generation","/blog/local-service-ads-restoration"
115,"Local Services Ads","how to improve water damage restoration LSA leads","/blog/local-service-ads-restoration"
116,"Local Services Ads","water damage restoration LSA review strategy","/blog/local-service-ads-restoration"
117,"Local Services Ads","water damage restoration Local Services Ads cost per lead","/blog/local-service-ads-restoration"
118,"Local Services Ads","water damage restoration LSA booking rate","/blog/local-service-ads-restoration"
119,"Local Services Ads","water damage restoration Google Guaranteed ad strategy","/blog/local-service-ads-restoration"
120,"Local Services Ads","water damage restoration LSA management agency","/blog/local-service-ads-restoration"
121,"Local Services Ads","water damage restoration LSA verification checklist","/blog/local-service-ads-restoration"
122,"Local Services Ads","water damage restoration Local Services Ads reporting","/blog/local-service-ads-restoration"
123,"Local Services Ads","water damage restoration LSA versus lead marketplaces","/blog/local-service-ads-restoration"
124,"Local Services Ads","emergency water damage Local Services Ads strategy","/blog/local-service-ads-restoration"
125,"Local Services Ads","water damage restoration LSA missed call impact","/blog/local-service-ads-restoration"
126,"Website and conversion","water damage restoration website design for lead generation","/services/website-design/"
127,"Website and conversion","water damage restoration website redesign checklist","/services/website-design/"
128,"Website and conversion","best website layout for water damage restoration companies","/services/website-design/"
129,"Website and conversion","water damage restoration mobile website conversion tips","/services/website-design/"
130,"Website and conversion","water damage restoration landing page design examples","/services/website-design/"
131,"Website and conversion","water damage restoration website call button placement","/services/website-design/"
132,"Website and conversion","water damage restoration website speed optimization","/services/website-design/"
133,"Website and conversion","water damage restoration website trust signals","/services/website-design/"
134,"Website and conversion","water damage restoration website before and after photos","/services/website-design/"
135,"Website and conversion","water damage restoration contact form conversion rate","/services/website-design/"
136,"Website and conversion","water damage restoration website for franchise owners","/services/website-design/"
137,"Website and conversion","water damage restoration website for independent companies","/services/website-design/"
138,"Website and conversion","water mitigation company website design services","/services/website-design/"
139,"Website and conversion","water extraction company website conversion strategy","/services/website-design/"
140,"Website and conversion","water damage restoration website copywriting services","/services/website-design/"
141,"Website and conversion","water damage restoration homepage messaging examples","/services/website-design/"
142,"Website and conversion","water damage restoration service page conversion checklist","/services/website-design/"
143,"Website and conversion","water damage restoration website quote request flow","/services/website-design/"
144,"Website and conversion","water damage restoration website accessibility checklist","/services/website-design/"
145,"Website and conversion","water damage restoration website chat versus phone","/services/website-design/"
146,"Website and conversion","water damage restoration website insurance content","/services/website-design/"
147,"Website and conversion","water damage restoration website case study layout","/services/website-design/"
148,"Website and conversion","water damage restoration website analytics setup","/services/website-design/"
149,"Website and conversion","water damage restoration website design cost","/services/website-design/"
150,"Website and conversion","water damage restoration website design agency","/services/website-design/"
151,"Lead economics and measurement","water damage restoration marketing budget calculator","/blog/water-damage-marketing-budget"
152,"Lead economics and measurement","how much should water damage companies spend on marketing","/blog/water-damage-marketing-budget"
153,"Lead economics and measurement","water damage restoration cost per qualified lead","/blog/water-damage-marketing-budget"
154,"Lead economics and measurement","water damage restoration cost per booked job","/blog/water-damage-marketing-budget"
155,"Lead economics and measurement","water damage restoration marketing return on investment","/blog/water-damage-marketing-budget"
156,"Lead economics and measurement","water damage restoration lead to job conversion rate","/blog/water-damage-marketing-budget"
157,"Lead economics and measurement","water damage restoration call tracking setup","/blog/water-damage-marketing-budget"
158,"Lead economics and measurement","water damage restoration CRM attribution strategy","/blog/water-damage-marketing-budget"
159,"Lead economics and measurement","water damage restoration marketing dashboard metrics","/blog/water-damage-marketing-budget"
160,"Lead economics and measurement","water damage restoration lead source tracking","/blog/water-damage-marketing-budget"
161,"Lead economics and measurement","water damage restoration revenue tracking by channel","/blog/water-damage-marketing-budget"
162,"Lead economics and measurement","water damage restoration paid lead profitability","/blog/water-damage-marketing-budget"
163,"Lead economics and measurement","water damage restoration lead quality scoring","/blog/water-damage-marketing-budget"
164,"Lead economics and measurement","water damage restoration marketing spend by market size","/blog/water-damage-marketing-budget"
165,"Lead economics and measurement","water damage restoration marketing budget for startups","/blog/water-damage-marketing-budget"
166,"Lead economics and measurement","water damage restoration marketing budget for franchises","/blog/water-damage-marketing-budget"
167,"Lead economics and measurement","water damage restoration organic versus paid lead cost","/blog/water-damage-marketing-budget"
168,"Lead economics and measurement","water damage restoration booked job attribution","/blog/water-damage-marketing-budget"
169,"Lead economics and measurement","water damage restoration marketing reporting template","/blog/water-damage-marketing-budget"
170,"Lead economics and measurement","water damage restoration pipeline tracking for owners","/blog/water-damage-marketing-budget"
171,"Lead economics and measurement","water damage restoration customer acquisition cost","/blog/water-damage-marketing-budget"
172,"Lead economics and measurement","water damage restoration margin based ad budget","/blog/water-damage-marketing-budget"
173,"Lead economics and measurement","water damage restoration missed call revenue loss","/blog/water-damage-marketing-budget"
174,"Lead economics and measurement","water damage restoration marketing performance audit","/blog/water-damage-marketing-budget"
175,"Lead economics and measurement","water damage restoration lead generation ROI analysis","/blog/water-damage-marketing-budget"
176,"Referral and commercial","water damage restoration plumber referral marketing","/blog/plumber-referral-partnerships"
177,"Referral and commercial","water damage restoration property manager marketing","/blog/plumber-referral-partnerships"
178,"Referral and commercial","water damage restoration insurance agent referral strategy","/blog/plumber-referral-partnerships"
179,"Referral and commercial","water damage restoration commercial account marketing","/blog/plumber-referral-partnerships"
180,"Referral and commercial","water damage restoration preferred vendor outreach","/blog/plumber-referral-partnerships"
181,"Referral and commercial","water damage restoration referral partner program","/blog/plumber-referral-partnerships"
182,"Referral and commercial","water damage restoration plumber partnership outreach","/blog/plumber-referral-partnerships"
183,"Referral and commercial","water damage restoration apartment manager marketing","/blog/plumber-referral-partnerships"
184,"Referral and commercial","water damage restoration facility manager lead generation","/blog/plumber-referral-partnerships"
185,"Referral and commercial","water damage restoration insurance adjuster relationship marketing","/blog/plumber-referral-partnerships"
186,"Referral and commercial","water damage restoration referral marketing without paid leads","/blog/plumber-referral-partnerships"
187,"Referral and commercial","water damage restoration networking strategy for owners","/blog/plumber-referral-partnerships"
188,"Referral and commercial","water damage restoration commercial email outreach","/blog/plumber-referral-partnerships"
189,"Referral and commercial","water damage restoration commercial landing page strategy","/blog/plumber-referral-partnerships"
190,"Referral and commercial","water damage restoration B2B marketing plan","/blog/plumber-referral-partnerships"
191,"Referral and commercial","water damage restoration emergency vendor program marketing","/blog/plumber-referral-partnerships"
192,"Referral and commercial","water damage restoration HOA manager outreach","/blog/plumber-referral-partnerships"
193,"Referral and commercial","water damage restoration hotel property marketing","/blog/plumber-referral-partnerships"
194,"Referral and commercial","water damage restoration school facility marketing","/blog/plumber-referral-partnerships"
195,"Referral and commercial","water damage restoration healthcare facility marketing","/blog/plumber-referral-partnerships"
196,"Referral and commercial","water damage restoration commercial case study marketing","/blog/plumber-referral-partnerships"
197,"Referral and commercial","water damage restoration referral source tracking","/blog/plumber-referral-partnerships"
198,"Referral and commercial","water damage restoration partner follow up process","/blog/plumber-referral-partnerships"
199,"Referral and commercial","water damage restoration commercial SEO versus outreach","/blog/plumber-referral-partnerships"
200,"Referral and commercial","water damage restoration property manager presentation","/blog/plumber-referral-partnerships"
201,"Operations and calls","water damage restoration emergency call conversion checklist","/blog/water-damage-emergency-calls"
202,"Operations and calls","water damage restoration after hours call answering strategy","/blog/water-damage-emergency-calls"
203,"Operations and calls","water damage restoration missed call follow up","/blog/water-damage-emergency-calls"
204,"Operations and calls","water damage restoration speed to lead process","/blog/water-damage-emergency-calls"
205,"Operations and calls","water damage restoration call center script examples","/blog/water-damage-emergency-calls"
206,"Operations and calls","water damage restoration dispatcher lead qualification","/blog/water-damage-emergency-calls"
207,"Operations and calls","water damage restoration phone call tracking metrics","/blog/water-damage-emergency-calls"
208,"Operations and calls","water damage restoration call recording review process","/blog/water-damage-emergency-calls"
209,"Operations and calls","water damage restoration emergency inquiry workflow","/blog/water-damage-emergency-calls"
210,"Operations and calls","water damage restoration lead intake form questions","/blog/water-damage-emergency-calls"
211,"Operations and calls","water damage restoration text back after missed call","/blog/water-damage-emergency-calls"
212,"Operations and calls","water damage restoration chatbot versus live answering","/blog/water-damage-emergency-calls"
213,"Operations and calls","water damage restoration appointment booking process","/blog/water-damage-emergency-calls"
214,"Operations and calls","water damage restoration lead handoff to dispatch","/blog/water-damage-emergency-calls"
215,"Operations and calls","water damage restoration call answer rate improvement","/blog/water-damage-emergency-calls"
216,"Operations and calls","water damage restoration follow up automation","/blog/water-damage-emergency-calls"
217,"Operations and calls","water damage restoration AI phone answering evaluation","/blog/water-damage-emergency-calls"
218,"Operations and calls","water damage restoration CRM setup for leads","/blog/water-damage-emergency-calls"
219,"Operations and calls","water damage restoration 24 hour marketing operations","/blog/water-damage-emergency-calls"
220,"Operations and calls","water damage restoration seasonal staffing and advertising","/blog/water-damage-emergency-calls"
221,"Operations and calls","water damage restoration out of area lead filtering","/blog/water-damage-emergency-calls"
222,"Operations and calls","water damage restoration lead qualification criteria","/blog/water-damage-emergency-calls"
223,"Operations and calls","water damage restoration emergency response messaging","/blog/water-damage-emergency-calls"
224,"Operations and calls","water damage restoration call to booked job reporting","/blog/water-damage-emergency-calls"
225,"Operations and calls","water damage restoration customer communication templates","/blog/water-damage-emergency-calls"
226,"Strategy and market segments","water damage restoration marketing plan for new companies","/guides/complete-water-damage-marketing-guide/"
227,"Strategy and market segments","water damage restoration marketing plan for established companies","/guides/complete-water-damage-marketing-guide/"
228,"Strategy and market segments","water damage restoration marketing strategy for small markets","/guides/complete-water-damage-marketing-guide/"
229,"Strategy and market segments","water damage restoration marketing strategy for competitive cities","/guides/complete-water-damage-marketing-guide/"
230,"Strategy and market segments","water damage restoration marketing for multi location operators","/guides/complete-water-damage-marketing-guide/"
231,"Strategy and market segments","water damage restoration marketing for franchise owners","/guides/complete-water-damage-marketing-guide/"
232,"Strategy and market segments","water damage restoration marketing for independent contractors","/guides/complete-water-damage-marketing-guide/"
233,"Strategy and market segments","water damage restoration marketing for commercial jobs","/guides/complete-water-damage-marketing-guide/"
234,"Strategy and market segments","water damage restoration marketing for residential jobs","/guides/complete-water-damage-marketing-guide/"
235,"Strategy and market segments","water damage restoration marketing during storm season","/guides/complete-water-damage-marketing-guide/"
236,"Strategy and market segments","water damage restoration marketing during slow season","/guides/complete-water-damage-marketing-guide/"
237,"Strategy and market segments","water damage restoration marketing without lead brokers","/guides/complete-water-damage-marketing-guide/"
238,"Strategy and market segments","water damage restoration marketing versus buying leads","/guides/complete-water-damage-marketing-guide/"
239,"Strategy and market segments","water damage restoration brand positioning strategy","/guides/complete-water-damage-marketing-guide/"
240,"Strategy and market segments","water damage restoration competitor analysis template","/guides/complete-water-damage-marketing-guide/"
241,"Strategy and market segments","water damage restoration market opportunity analysis","/guides/complete-water-damage-marketing-guide/"
242,"Strategy and market segments","water damage restoration service area expansion marketing","/guides/complete-water-damage-marketing-guide/"
243,"Strategy and market segments","water damage restoration marketing channels compared","/guides/complete-water-damage-marketing-guide/"
244,"Strategy and market segments","water damage restoration marketing 90 day plan","/guides/complete-water-damage-marketing-guide/"
245,"Strategy and market segments","water damage restoration marketing case study examples","/guides/complete-water-damage-marketing-guide/"
246,"Strategy and market segments","water damage restoration marketing for reconstruction work","/guides/complete-water-damage-marketing-guide/"
247,"Strategy and market segments","water mitigation marketing strategy for local businesses","/guides/complete-water-damage-marketing-guide/"
248,"Strategy and market segments","flood damage cleanup marketing strategy for contractors","/guides/complete-water-damage-marketing-guide/"
249,"Strategy and market segments","sewage cleanup marketing strategy for restoration companies","/guides/complete-water-damage-marketing-guide/"
250,"Strategy and market segments","emergency water extraction marketing strategy","/guides/complete-water-damage-marketing-guide/"
